Jim,"12, Brighton Rd, Elwood, VIC 3005",0299657321
Bob,"176 Wollombi Rd, Cessnock, NSW 2325",0289657642
Max,"25 Holthouse Road TAUNTON, SA 5082",0882008139
Nich,"17 Eleanor Loop, Cable Beach, WA 6726",0347996831
Stephanie,"5 Pembroke Crt, Alexandra Hills, QLD 4161",0866657642
Tom,"54 Dunrossil Ave, Carlingford, NSW 2118",0347996831
Isabella,"12 Cadby St, Brighton, VIC 3186",0578357327
Jessica,"18 Browning St, Tea Tree Gully, SA 5091",0754993284
Gary,"1 High St, Drysdale, VIC 3222",0347996831
Luke,"24 Welshpool Rd, Toora, VIC 3962",0297657486
